{"MAE": 109.35226241331411, "MSE": 36779.68070661419, "R2": 0.7855579800730262}