{"MAE": 108.23880950456548, "MSE": 35790.953739246215, "R2": 0.791322701352962}